{
  "project_info": {
    "project_number": "697098236996",
    "project_id": "restaurant-comp205",
    "storage_bucket": "restaurant-comp205.appspot.com"
  },
  "client": [
    {
      "client_info": {
        "mobilesdk_app_id": "1:697098236996:android:938b86e10a872673537811",
        "android_client_info": {
          "package_name": "com.example.restaurant_comp205"
        }
      },
      "oauth_client": [
        {
          "client_id": "697098236996-uut82ac4kjuq0c16pqinv5rlapu6ajce.apps.googleusercontent.com",
          "client_type": 3
        }
      ],
      "api_key": [
        {
          "current_key": "AIzaSyA6_4P-X33S89pnmCtw-MieTYzQyLmakIk"
        }
      ],
      "services": {
        "appinvite_service": {
          "other_platform_oauth_client": [
            {
              "client_id": "697098236996-uut82ac4kjuq0c16pqinv5rlapu6ajce.apps.googleusercontent.com",
              "client_type": 3
            }
          ]
        }
      }
    }
  ],
  "configuration_version": "1"
}